[
  {
    "cancel_reason_title": "Advance/ Excess Payment done.",
    "cancel_reason_desc": "You may hold your mandate temporarily and need not cancel . Do you want to hold mandate?",
    "can_cancel": true,
    "can_hold": true,
    "can_update": false
  },
  {
    "cancel_reason_title": "Loan Account closed / foreclosed.",
    "cancel_reason_desc": "Mandate will not be presented for closed loans. Do you still want to proceed with cancellation.",
    "can_cancel": true,
    "can_hold": false,
    "can_update": false
  },
  {
    "cancel_reason_title": "Bank Account changed/ inactive.",
    "cancel_reason_desc": "Do you want to update mandate with a new bank account? Your previous mandate will get auto cancelled on registering a new mandate.",
    "can_cancel": true,
    "can_hold": false,
    "can_update": true
  },
  {
    "cancel_reason_title": "Payment by other mode",
    "cancel_reason_desc": "Do you want to update mandate with a new bank account? Your previous mandate will get auto cancelled on registering a new mandate.",
    "can_cancel": true,
    "can_hold": false,
    "can_update": false
  },
  {
    "cancel_reason_title": "Other Issue",
    "cancel_reason_desc": null
  }
]
