{
  "StatusCode": "SUCCESS",
  "data": [
    {
      "bankId": 123,
      "bankCode": "IDIB",
      "bankName": "INDIAN BANK",
      "bankBranch": "KOTAK MAHINDRA BANK",
      "bankAccountNo": "9213655700",
      "branchCity": "Worli",
      "accountType": "SA",
      "ifscCode": "FDRL0007777",
      "verification_option": [
        {
          "option_id": "debit_card",
          "option_name": "Debit Card",
          "is_recommended": true
        },
        {
          "option_id": "net_banking",
          "option_name": "Net Banking",
          "is_recommended": true
        },
        {
          "option_id": "Aadhar",
          "option_name": "Adhar",
          "is_recommended": false
        },
        {
          "option_id": "upi",
          "option_name": "UPI",
          "is_recommended": false
        }
      ]
    },
    {
      "bankId": 123,
      "bankCode": "SBI",
      "bankName": "SBI BANK",
      "bankBranch": "SBI BANK",
      "bankAccountNo": "9218745700",
      "branchCity": "Worli",
      "accountType": "SA",
      "ifscCode": "FDRL0007777",
      "verification_option": [
        {
          "option_id": "debit_card",
          "option_name": "Debit Card",
          "is_recommended": true
        },
        {
          "option_id": "net_banking",
          "option_name": "Net Banking",
          "is_recommended": true
        },
        {
          "option_id": "Aadhar",
          "option_name": "Adhar",
          "is_recommended": false
        },
        {
          "option_id": "api",
          "option_name": "UPI",
          "is_recommended": false
        }
      ]
    }
  ],
  "message": "SUCCESS"
}
