{
  "mandates": [
    {
      "loanAccountNumber": 100031,
      "batchNo": 100031,
      "vehicleRegistrationNo": "7909870077",
      "asset": "7909870077",
      "instillment_overdue": 12000,
      "Overdue_as_on": 12000,
      "effective_from": "2022-01-09T18:30:00Z",
      "effective_upto": "2022-01-09T18:30:00Z",
      "accHolderName": "Rohit b Patil",
      "bankName": "Rohit b Patil",
      "bankBranch": "KOTAK MAHINDRA BANK",
      "bankAccountNo": "9213655700",
      "UMRN_no": "KKBK0000000005256752",
      "mandate_status": "ACTIVE",
      "instillment_amount": 9650,
      "frequency": "M",
      "nextDueDate": "1900-01-01",
      "mandateID": 1938,
      "cif": "1671"
    }
  ]
}
