{
  "StatusCode": "SUCCESS",
  "message": "SUCCESS",
  "data": {
    "banks": [
      {
        "id": 639,
        "bankName": "INDIAN BANK",
        "bankCode": "IDIB",
        "isPopular": false,
        "verification_option": [
          {
            "option_id": "debit_card",
            "option_name": "Debit Card",
            "is_recommended": true
          },
          {
            "option_id": "net_banking",
            "option_name": "Net Banking",
            "is_recommended": true
          },
          {
            "option_id": "aadhar",
            "option_name": "Adhar",
            "is_recommended": false
          },
          {
            "option_id": "upi",
            "option_name": "UPI",
            "is_recommended": false
          }
        ]
      },
      {
        "id": 2,
        "bankName": "AXIS BANK",
        "bankCode": "AXIB",
        "isPopular": true,
        "verification_option": [
          {
            "option_id": "debit_card",
            "option_name": "Debit Card",
            "is_recommended": true
          },
          {
            "option_id": "net_banking",
            "option_name": "Net Banking",
            "is_recommended": true
          },
          {
            "option_id": "aadhar",
            "option_name": "Adhar",
            "is_recommended": false
          },
          {
            "option_id": "upi",
            "option_name": "UPI",
            "is_recommended": false
          }
        ]
      },
      {
        "id": 3,
        "bankName": "ICICI BANK",
        "bankCode": "ICIC",
        "isPopular": true,
        "verification_option": [
          {
            "option_id": "debit_card",
            "option_name": "Debit Card",
            "is_recommended": true
          },
          {
            "option_id": "net_banking",
            "option_name": "Net Banking",
            "is_recommended": true
          },
          {
            "option_id": "aadhar",
            "option_name": "Adhar",
            "is_recommended": false
          },
          {
            "option_id": "upi",
            "option_name": "UPI",
            "is_recommended": false
          }
        ]
      },
      {
        "id": 4,
        "bankName": "HDFC BANK",
        "bankCode": "HDFC",
        "isPopular": true,
        "verification_option": [
          {
            "option_id": "debit_card",
            "option_name": "Debit Card",
            "is_recommended": true
          },
          {
            "option_id": "net_banking",
            "option_name": "Net Banking",
            "is_recommended": true
          },
          {
            "option_id": "aadhar",
            "option_name": "Adhar",
            "is_recommended": false
          },
          {
            "option_id": "upi",
            "option_name": "UPI",
            "is_recommended": false
          }
        ]
      },
      {
        "id": 5,
        "bankName": "IDFC BANK",
        "bankCode": "IDFC",
        "isPopular": true,
        "verification_option": [
          {
            "option_id": "debit_card",
            "option_name": "Debit Card",
            "is_recommended": true
          },
          {
            "option_id": "net_banking",
            "option_name": "Net Banking",
            "is_recommended": true
          },
          {
            "option_id": "aadhar",
            "option_name": "Adhar",
            "is_recommended": false
          },
          {
            "option_id": "upi",
            "option_name": "UPI",
            "is_recommended": false
          }
        ]
      },
      {
        "id": 56,
        "bankName": "SBI BANK",
        "bankCode": "SBI",
        "isPopular": false,
        "verification_option": [
          {
            "option_id": "debit_card",
            "option_name": "Debit Card",
            "is_recommended": true
          },
          {
            "option_id": "net_banking",
            "option_name": "Net Banking",
            "is_recommended": true
          },
          {
            "option_id": "aadhar",
            "option_name": "Adhar",
            "is_recommended": false
          },
          {
            "option_id": "upi",
            "option_name": "UPI",
            "is_recommended": false
          }
        ]
      },
      {
        "id": 12,
        "bankName": "INDIAN BANK",
        "bankCode": "IDIB",
        "isPopular": false,
        "verification_option": [
          {
            "option_id": "debit_card",
            "option_name": "Debit Card",
            "is_recommended": true
          },
          {
            "option_id": "net_banking",
            "option_name": "Net Banking",
            "is_recommended": true
          },
          {
            "option_id": "aadhar",
            "option_name": "Adhar",
            "is_recommended": false
          },
          {
            "option_id": "upi",
            "option_name": "UPI",
            "is_recommended": false
          }
        ]
      },
      {
        "id": 22,
        "bankName": "INDUSIND BANK",
        "bankCode": "INBA",
        "isPopular": false,
        "verification_option": [
          {
            "option_id": "debit_card",
            "option_name": "Debit Card",
            "is_recommended": true
          },
          {
            "option_id": "net_banking",
            "option_name": "Net Banking",
            "is_recommended": true
          },
          {
            "option_id": "aadhar",
            "option_name": "Adhar",
            "is_recommended": false
          },
          {
            "option_id": "upi",
            "option_name": "UPI",
            "is_recommended": false
          }
        ]
      },
      {
        "id": 22,
        "bankName": "BANK OF BARODA",
        "bankCode": "BARB",
        "isPopular": false,
        "verification_option": [
          {
            "option_id": "debit_card",
            "option_name": "Debit Card",
            "is_recommended": true
          },
          {
            "option_id": "net_banking",
            "option_name": "Net Banking",
            "is_recommended": true
          },
          {
            "option_id": "aadhar",
            "option_name": "Adhar",
            "is_recommended": false
          },
          {
            "option_id": "upi",
            "option_name": "UPI",
            "is_recommended": false
          }
        ]
      }
    ]
  }
}
