{
  "code": "SUCCESS",
  "message": "REQUEST COMPLETED",
  "responseCode": "COM1003",
  "data": [
    {
      "ucic": "60000361275",
      "mobileNumber": "9930459639",
      "tenantId": null,
      "cif": "20964417",
      "coApplicantCIF": "20964420",
      "applicantName": "20964417",
      "coApplicantName": "20964420",
      "branchId": "TUT",
      "loanAccountNumber": "8693236",
      "totalAmount": 73600.0,
      "totalPendingAmount": 73600.0,
      "interestRate": 15.38,
      "installmentAmount": 18400.0,
      "excessAmount": 0.0,
      "startDate": "2023-02-10",
      "endDate": "2028-01-10",
      "nextDuedate": "2024-07-10",
      "loanStatus": "Active",
      "dpd": 93,
      "lob": "BLM",
      "totalAmountOverdue": 73600.0,
      "nocStatus": null,
      "mandateStatus": "REJECT",
      "productName": "CARS - HYUNDAI",
      "vehicleRegistration": "TN92J2307",
      "sourceSystem": "AUTOFIN",
      "productCategory": "LOAN",
      "loanTenure": 0,
      "totalEmiPaid": 0,
      "doFreezePeriodExists": null
    },
    {
      "ucic": "60000361275",
      "mobileNumber": "9930459639",
      "tenantId": null,
      "cif": "20964417",
      "coApplicantCIF": "20964420",
      "applicantName": "20964417",
      "coApplicantName": "20964420",
      "branchId": "TUT",
      "loanAccountNumber": "8693236",
      "totalAmount": 73600.0,
      "totalPendingAmount": 73600.0,
      "interestRate": 15.38,
      "installmentAmount": 18400.0,
      "excessAmount": 0.0,
      "startDate": "2023-02-10",
      "endDate": "2028-01-10",
      "nextDuedate": "2024-07-10",
      "loanStatus": "Completed",
      "dpd": 93,
      "lob": "BLM",
      "totalAmountOverdue": 73600.0,
      "nocStatus": null,
      "mandateStatus": "REJECT",
      "productName": "CARS - HYUNDAI",
      "vehicleRegistration": "TN92J2307",
      "sourceSystem": "AUTOFIN",
      "productCategory": "LOAN",
      "loanTenure": 0,
      "totalEmiPaid": 0,
      "doFreezePeriodExists": null
    }
  ]
}
