{
  "buttonData": [
    { "id": 1, "label": "Payment", "content": "Payment Content" },
    { "id": 2, "label": "Offers", "content": "Offers Content" },
    { "id": 3, "label": "Services", "content": "Services Content" },
    { "id": 4, "label": "Others", "content": "Others Content" }
  ],
  "paymentNotifications": [
    {
      "id": 1,
      "date": "2024-04-22",
      "message": "Relevant message will be shown here, lorem ipsum dolor sit amet, consectetur adipiscing elit, sed do eiusmod tempor incididunt ut labore et dolore magna aliqua. Ut enim ad minim veniam, quis nostrud exercitation ullamco laboris nisi ut aliquip ex ea commodo consequat.",
      "action": "Pay Now",
      "notificationindex": 1
    },
    {
      "id": 2,
      "date": "2024-04-26",
      "message": "Relevant message will be shown here, lorem ipsum dolor sit amet, consectetur adipiscing ",
      "action": "View Details",
      "notificationindex": 1
    },
    {
      "id": 1,
      "date": "2024-04-25",
      "message": "Filter content",
      "action": "Action",
      "notificationindex": 2
    },
    {
      "id": 2,
      "date": "2024-04-26",
      "message": "Payment received for invoice #456",
      "action": "Action",
      "notificationindex": 2
    },
    {
      "id": 1,
      "date": "2024-04-25",
      "message": "Services content",
      "action": "Action",
      "notificationindex": 3
    },
    {
      "id": 2,
      "date": "2024-04-26",
      "message": "Services content",
      "action": "Action",
      "notificationindex": 3
    }
  ]
}
