{
  "code": "SUCCESS",
  "message": "SUCCESS",
  "responseCode": "ROM1006",
  "offerData": [
    {
      "message": "",
      "success": true,
      "statusCode": "S101",
      "result": {
        "parentHpaNo": "8216484",
        "currentStatus": "L",
        "suvidhaLoanEligibilty": "1",
        "parentLoanRepaymentFrequency": "M",
        "parentLoanEmiStartDate": "15-07-2022",
        "parentLoanRepaymnentFrequencyNumeric": "1",
        "parentLoanRepaymentMode": "ACH",
        "minimumEligibleFlatRatePa": "0.12",
        "maximumEligibleFlatRatePa": "0.12",
        "eligibleRepayFrequencyM": "1",
        "eligibleRepayFrequencyQ": "0",
        "eligibleRepayFrequencyH": "0",
        "eligibleRepayModeCash": "0",
        "defaultRepayMode": "ACH",
        "minimumMoratoriumPeriod": "30",
        "maximumMoratoriumPeriod": "90",
        "defaultMoratoriumPeriod": "30",
        "pfServiceCharge": "0.02",
        "offerCode": "S0424",
        "offerName": "Suvidha_New_Apr24",
        "modifiedDate": "16-03-2024",
        "newOffer": "No",
        "offerExpiryDate": "20-04-2024",
        "execSap": "23200462",
        "execName": "RAJAN KUMAR",
        "execNum": "7903972885",
        "managerSap": "27042618",
        "managerName": "KUMAR RANA",
        "type": "DMT",
        "totalPayable": "107100",
        "emiAmount": "5950.0",
        "defaultEligibleAmount": "90000",
        "maximumEligibleAmount": "90000",
        "minimumEligibleAmount": "25000",
        "defaultEligibleTenure": "12",
        "maximumEligibleTenure": "18",
        "minimumEligibleTenure": "6",
        "defaultRepaymentFrequency": "M",
        "defaultEligibleFlatRatePa": "0.12",
        "parentLoanStartDate": "21-06-2022",
        "parentLoanLastDate": "15-06-2026",
        "mobileNo": 9709209244,
        "clusterId": 60015659247,
        "name": "AFSAR   ANSARI",
        "dateOfBirth": "26/12/1992",
        "misSector": "AS",
        "busVertical": "BRE",
        "branch": "RAT",
        "stateDes": "JHARKHAND",
        "pinCode": "835303",
        "manudes": "MAHINDRA & MAHINDRA LTD",
        "tenure": "48",
        "assdes": "MAHINDRA SCORPIO VLX AIRB",
        "regno": "JH04G4165",
        "gender": "MALE",
        "chsNo": "MA1TA2MWND2E12216",
        "engNo": "MWD4E10638",
        "place": "KASMUDDIN ANSARI",
        "postOffice": "BARSA BRANCH POST OFFICE",
        "roadName": "NAGARI ROAD",
        "landMark": "ADCHERO BARSA",
        "cityVillage": "BARSA",
        "taluk": "NAGRI TLK",
        "bankAcNo": "494310510003840",
        "bankName": "BANK OF INDIA",
        "bankBranchName": "RATU",
        "ifscCode": "BKID0004943",
        "bankAccountType": "SAVINGS ACCOUNT",
        "ckycAvailable": "Available",
        "lastPaymentOnline": "1",
        "rocEmailId": "pandey.brajesh@mahfin.com",
        "racEmailId": "NAQVI.SHABAB@mahindra.com",
        "branchName": "RATU",
        "micrCode": "834013005"
      }
    }
  ],
  "plLeadResponse": {
    "response": {
      "crmres": {
        "Addresses": [
          {
            "BUREAUADDRESSLASTUPDATEDDATE": "",
            "District": "Vasai",
            "Landmark": "",
            "Remarks": "",
            "Street": "",
            "addrType": "Digitally Verified Permanent",
            "address_line_1": "B 12 3rd Floor Field View Suyog Nagar Phase 2 Suyog Nagar Chulne Road Palghar",
            "address_line_2": "B 12 3rd Floor Field View Suyog Nagar Phase 2 Suyog Nagar Chulne Road Palghar",
            "address_line_3": "",
            "buildingNo": "",
            "city": "Vasai",
            "pincode": "401202",
            "state": "MAHARASHTRA",
            "taluka": ""
          },
          {
            "BUREAUADDRESSLASTUPDATEDDATE": "",
            "District": "Raigarh(Mh)",
            "Landmark": "",
            "Remarks": "",
            "Street": "",
            "addrType": "declared_address_4",
            "address_line_1": "B-06, Anand Villa, Old barampur",
            "address_line_2": "B-06, Anand Villa, Old barampur",
            "address_line_3": "",
            "buildingNo": "",
            "city": "Raigarh(Mh)",
            "pincode": "410209",
            "state": "MAHARASHTRA",
            "taluka": ""
          },
          {
            "BUREAUADDRESSLASTUPDATEDDATE": "",
            "District": "Raigarh(Mh)",
            "Landmark": "",
            "Remarks": "",
            "Street": "",
            "addrType": "declared_address_3",
            "address_line_1": "Test",
            "address_line_2": "Test",
            "address_line_3": "",
            "buildingNo": "",
            "city": "Raigarh(Mh)",
            "pincode": "410209",
            "state": "MAHARASHTRA",
            "taluka": ""
          },
          {
            "BUREAUADDRESSLASTUPDATEDDATE": "",
            "District": "Thane",
            "Landmark": "",
            "Remarks": "",
            "Street": "",
            "addrType": "declared_address_1",
            "address_line_1": "B-06, Anand Villa, Old barampur",
            "address_line_2": "B-06, Anand Villa, Old barampur",
            "address_line_3": "",
            "buildingNo": "",
            "city": "Thane",
            "pincode": "401202",
            "state": "MAHARASHTRA",
            "taluka": ""
          },
          {
            "BUREAUADDRESSLASTUPDATEDDATE": "",
            "District": "Raigarh(Mh)",
            "Landmark": "",
            "Remarks": "",
            "Street": "",
            "addrType": "declared_address_2",
            "address_line_1": "Test",
            "address_line_2": "Test",
            "address_line_3": "",
            "buildingNo": "",
            "city": "Raigarh(Mh)",
            "pincode": "410209",
            "state": "MAHARASHTRA",
            "taluka": ""
          },
          {
            "BUREAUADDRESSLASTUPDATEDDATE": "",
            "District": "Thane",
            "Landmark": "",
            "Remarks": "",
            "Street": "",
            "addrType": "kyc_permanent_resi_1",
            "address_line_1": "B 106 Anand Villa Old Barampur Vasai Palghar Vasai Mani",
            "address_line_2": "B 106 Anand Villa Old Barampur Vasai Palghar Vasai Mani",
            "address_line_3": "",
            "buildingNo": "",
            "city": "Thane",
            "pincode": "401202",
            "state": "MAHARASHTRA",
            "taluka": ""
          },
          {
            "BUREAUADDRESSLASTUPDATEDDATE": "",
            "District": "Thane",
            "Landmark": "",
            "Remarks": "",
            "Street": "",
            "addrType": "kyc_current_resi_1",
            "address_line_1": "B 106 Anand Villa Old Barampur Vasai Palghar Vasai Mani",
            "address_line_2": "B 106 Anand Villa Old Barampur Vasai Palghar Vasai Mani",
            "address_line_3": "",
            "buildingNo": "",
            "city": "Thane",
            "pincode": "401202",
            "state": "MAHARASHTRA",
            "taluka": ""
          },
          {
            "BUREAUADDRESSLASTUPDATEDDATE": "",
            "District": "Palghar",
            "Landmark": "",
            "Remarks": "",
            "Street": "Suyog nagar Vasai West",
            "addrType": "Permanent",
            "address_line_1": "B-12, Field View Building",
            "address_line_2": "B-12, Field View Building",
            "address_line_3": "Near Suyog Nagar Garden",
            "buildingNo": "",
            "city": "",
            "pincode": "401202",
            "state": "MAHARASHTRA",
            "taluka": ""
          }
        ],
        "OffersDetails": [
          {
            "aaexpirydate": "",
            "aaincome": "",
            "aastatus": "completed",
            "aatries": "1",
            "alternate_number1": "7757909531",
            "alternate_number2": "7757909531",
            "alternate_number3": "7757909531",
            "alternate_number4": "7757909531",
            "branch_x": "",
            "brndes_x": "",
            "bus_vertical_x": "",
            "creditexpirydate": "",
            "creditstatus": "Accept 19/02/2024 09:30:31",
            "current_interest_rate": "0.60",
            "current_maximum_amount": "800000",
            "current_maximum_tenure": "60",
            "current_minimum_amount": "50000",
            "current_minimum_tenure": "12",
            "current_modified_date": "01/08/2023",
            "current_offer_code": "PL_NEXT_PA_210623",
            "current_offer_created_date": "01/08/2023",
            "current_offer_expiry_date": "08/08/2024",
            "current_offer_type": "PL_Next_PA",
            "current_offerstatus": "Active",
            "current_processing_fees": "500",
            "customer_fullname": "PRAJITH JAYACHANDRAN PILLAI",
            "cvalgosriskcategory": "",
            "cvalgosriskdecile": "",
            "default_interest_rate": "0.60",
            "emi_due_date_of_offer_loan": "2",
            "emi_due_date_of_parent_loan": "2",
            "exec_name": "Mahesh",
            "exec_num": "7522983995",
            "exec_sap": "27043793",
            "foirlimit": "55",
            "highest_processing_fee_chargeable": "5900",
            "highest_stamp_duty": "500",
            "interestrate": "0.6",
            "lead_id": "10579",
            "leadstage": "PL Journey - Loan Creation Hold",
            "leadstageupdatedateandtime": "2/19/2024 12:00:00 AM",
            "loanamountselected": "800000.0",
            "loanamountselecteddate": "2/19/2024 12:00:00 AM",
            "loantenureselected": "",
            "manager_name": "",
            "manager_sap": "",
            "maximum_interest_rate": "0.60",
            "maximumemi": "50000",
            "maximumfoir": "55",
            "minimum_emi": "30000",
            "minimum_interest_rate": "0.60",
            "mobilenumber": "7757909531",
            "onscreenrvstatus": "Accept 03/01/2024 11:28:11",
            "onscreenrvtries": "2",
            "opsbre": "Accept 19/02/2024 09:32:23",
            "processingfeestype": "Percentage",
            "product_name": "PL_Next_PA",
            "repayment_frequency_of_offer": "M",
            "repayment_frequency_of_parent_loan": "M",
            "silentrvcompleted": "Accept 19/02/2024 09:32:20",
            "stamp_duty_fees_type": "50000",
            "stampcharges": "0",
            "stampdutyfees": "100",
            "type_x": ""
          }
        ],
        "aadharcard": "",
        "alternatenumber1": "7757909531",
        "alternatenumber2": "7757909531",
        "alternatenumber3": "7757909531",
        "alternatenumber4": "7757909531",
        "bankaccountnumber": "",
        "bankaccounttype": "",
        "bankifsc": "",
        "bankname": "",
        "cibilscore": "732",
        "ckycnumber": "60018385222485",
        "clusterid": "17757909531",
        "customercif": "",
        "customerfullname": "PRAJITH JAYACHANDRAN PILLAI",
        "customerlms": "AutoFIN",
        "customersegment": "SALARIED",
        "dob": "10/25/1999 12:00:00 AM",
        "fathername": "Jayachandran",
        "firstname": "Prajith",
        "gender": "Male",
        "incomeband": "[180k, 240k)",
        "incomecontiniuity": "0",
        "isckyc": "0",
        "iskycresuable": "",
        "ismandatereusable": "0",
        "lastname": "Pillai",
        "middlename": "",
        "mothername": "Vijaya",
        "pancard": "EDAPP0986D",
        "phonenumber": "7757909531"
      },
      "errorres": null
    },
    "serviceName": "FetchPLleads",
    "error": "ER000",
    "message": "SUCCESS"
  }
}
