{
  "code": "SUCCESS",
  "message": "REQUEST COMPLETED",
  "loanApplicationStatusList": [
    {
      "applicantName": "Avinash Barola",
      "applicationDate": "2023-12-08 05:44:50",
      "applicationNumber": "300006828",
      "applicationStatus": "Completed",
      "assetName": "MAHINDRA & MAHINDRA LTD - null",
      "stage": "QDE",
      "loanType": "Sale Purchase",
      "lmsType": "sfdc-loan-status"
    },
    {
      "applicantName": "Avinash Barola",
      "applicationDate": "2023-12-08 05:34:00",
      "applicationNumber": "300006827",
      "applicationStatus": "Initiated",
      "assetName": "MAHINDRA & MAHINDRA LTD - null",
      "stage": "QDE",
      "loanType": "Sale Purchase",
      "lmsType": "sfdc-loan-status"
    },
    {
      "applicantName": "Karnati Karthik",
      "applicationDate": "2023-12-06 06:32:53",
      "applicationNumber": "300006807",
      "applicationStatus": "Initiated",
      "assetName": "MAHINDRA & MAHINDRA LTD - null",
      "branchName": "GOREGAON BR",
      "businessExecutiveContactNumber": "9019101206",
      "businessExecutiveName": "FOS User 1",
      "stage": "QDE",
      "loanType": "Sale Purchase",
      "lmsType": "sfdc-loan-status"
    },
    {
      "applicantName": "Avinash Barola",
      "applicationDate": "2023-12-06 06:07:11",
      "applicationNumber": "300006806",
      "applicationStatus": "Initiated",
      "assetName": "MAHINDRA & MAHINDRA LTD - null",
      "stage": "QDE",
      "loanType": "Sale Purchase",
      "lmsType": "sfdc-loan-status"
    },
    {
      "applicantName": "VINAY  SAPATE",
      "applicationDate": "2023-12-02 04:42:13",
      "applicationNumber": "300006794",
      "applicationStatus": "Completed",
      "assetName": "MARUTI SUZUKI INDIA LIMITED - TRACTOR 35 TO 40 HP",
      "branchName": "DARYAGANJ",
      "businessExecutiveContactNumber": "9348881612",
      "businessExecutiveName": "FOS User 2",
      "subStatus": "Documents awaited",
      "stage": "DDE & Document Collection",
      "loanType": "External Balance Transfer",
      "lmsType": "sfdc-loan-status"
    },
    {
      "applicantName": "VINAY SAPATE",
      "applicationDate": "2023-12-02 04:14:16",
      "applicationNumber": "300006793",
      "applicationStatus": "Under Process",
      "assetName": "MAHINDRA & MAHINDRA LTD - null",
      "branchName": "GOREGAON BR",
      "businessExecutiveContactNumber": "9019101206",
      "businessExecutiveName": "FOS User 1",
      "subStatus": "Documents awaited",
      "stage": "DDE & Document Collection",
      "loanType": "Sale Purchase",
      "lmsType": "sfdc-loan-status"
    },
    {
      "applicantName": "VINAY SAPATE",
      "applicationDate": "2023-12-02 04:05:23",
      "applicationNumber": "300006792",
      "applicationStatus": "Initiated",
      "branchName": "GOREGAON BR",
      "businessExecutiveContactNumber": "9019101206",
      "businessExecutiveName": "FOS User 1",
      "stage": "QDE",
      "loanType": "Sale Purchase",
      "lmsType": "sfdc-loan-status"
    },
    {
      "applicantName": "VINAY SAPATE",
      "applicationDate": "2023-12-01 10:30:11",
      "applicationNumber": "300006789",
      "applicationStatus": "Initiated",
      "branchName": "GOREGAON BR",
      "businessExecutiveContactNumber": "9019101206",
      "businessExecutiveName": "FOS User 1",
      "stage": "QDE",
      "loanType": "Sale Purchase",
      "lmsType": "sfdc-loan-status"
    },
    {
      "applicationDate": "",
      "lmsType": "vehicle-loan-status",
      "errorCode": "FAILED",
      "errorMessage": "No Data Found"
    },
    {
      "applicationDate": "",
      "lmsType": "personal-loan-status",
      "errorCode": "Success",
      "errorMessage": "No Contacts found with this Mobile Number"
    }
  ]
}
