{
  "Loans Related": [
    {
      "title": "Loan Details",
      "image": "LoanDetails",
      "url": "settings"
    },
    {
      "title": "Documents",
      "image": "Documents",
      "url": ""
    },
    {
      "title": "e-Mandates",
      "image": "AutoRenew",
      "url": ""
    },
    {
      "title": "NOC",
      "image": "Noc",
      "url": ""
    },
    {
      "title": "Bureau",
      "image": "Bureau",
      "url": ""
    },
    {
      "title": "Cancellation",
      "image": "Cancellation",
      "url": ""
    },
    {
      "title": "ForeClosure",
      "image": "ForeClosure",
      "url": ""
    },
    {
      "title": "ReFund",
      "image": "ReFund",
      "url": ""
    },
    {
      "title": "RC Update",
      "image": "NewCar",
      "url": ""
    }
  ],
  "Payment & charges related": [
    {
      "title": "Payment not updated",
      "image": "Refresh",
      "url": ""
    },
    {
      "title": "Dispute charges",
      "image": "PersonPlay",
      "url": ""
    }
  ],
  "Profile related": [
    {
      "title": "Update mobile no.",
      "image": "UpdateMobileNo",
      "url": ""
    },
    {
      "title": "Update email address",
      "image": "Mail",
      "url": ""
    },
    {
      "title": "Update PAN",
      "image": "IdCard",
      "url": ""
    },
    {
      "title": "Update permanent address",
      "image": "Home",
      "url": ""
    },
    {
      "title": "Update current address",
      "image": "HomePin",
      "url": ""
    }
  ],
  "Miscellaneous": [
    {
      "title": "Vehicle Loan",
      "image": "LoanDetails",
      "url": ""
    },
    {
      "title": "Others",
      "image": "LoanDetails",
      "url": ""
    }
  ]
}
