[
  {
    "searchList": [
      "Product features",
      "features",
      "Products",
      "feature overview",
      "product capabilities",
      "product functionalities",
      "features list",
      "what it does",
      "product benefits"
    ],
    "title": "Product features",
    "screenRouter": "home",
    "webRoutes": "products",
    "category": "Products",
    "extra": 1,
    "canPop": true
  },
  {
    "searchList": [
      "Product details",
      "details",
      "my loan details",
      "loan details",
      "loan",
      "my product",
      "my loan",
      "view my loan",
      "loan overview",
      "loan information",
      "loan specifics",
      "loan summary",
      "loan description",
      "my loan info",
      "loan data"
    ],
    "title": "Product Details",
    "screenRouter": "home",
    "webRoutes": "products",
    "category": "Products",
    "extra": 1,
    "canPop": true
  },
  {
    "searchList": [
      "settings",
      "preferences",
      "app settings",
      "configuration",
      "app preferences",
      "system settings",
      "profile settings"
    ],
    "title": "Settings",
    "screenRouter": "settings",
    "webRoutes": "settings",
    "category": "Page"
  },
  {
    "searchList": [
      "Bill payments",
      "Upcoming payments",
      "recharge",
      "auto pay",
      "autopay",
      "emi",
      "mandate",
      "payments",
      "BBPS"
    ],
    "title": "Bill Payments",
    "screenRouter": "home",
    "webRoutes": "products",
    "category": "Service",
    "extra": 2,
    "canPop": true
  },
  {
    "searchList": [
      "Application status",
      "status",
      "check status",
      "application progress",
      "application tracking",
      "status update",
      "current status",
      "application review"
    ],
    "title": "Application Status",
    "screenRouter": "applicationstatus",
    "webRoutes": "products",
    "category": "Service"
  },
  {
    "searchList": [
      "faqs",
      "faq",
      "frequently asked questions",
      "help",
      "common questions",
      "support",
      "troubleshooting",
      "assistance",
      "customer support"
    ],
    "title": "FAQs",
    "screenRouter": "faq",
    "webRoutes": "faqs",
    "category": "Products"
  },
  {
    "searchList": [
      "Product Item",
      "Products",
      "Items",
      "product catalog",
      "items list",
      "available products",
      "product lineup",
      "product selection"
    ],
    "title": "Product Item",
    "screenRouter": "home",
    "webRoutes": "products",
    "category": "Products"
  },
  {
    "searchList": [
      "Lead generation",
      "Generate lead",
      "lead",
      "generate leads",
      "lead creation",
      "new lead",
      "prospect generation",
      "client generation",
      "lead management"
    ],
    "title": "Lead Generation",
    "screenRouter": "home",
    "webRoutes": "products",
    "category": "Service"
  },
  {
    "searchList": [
      "loans",
      "Loan Cancellation",
      "cancel",
      "cancel loan",
      "terminate loan",
      "end loan",
      "loan closure",
      "stop loan",
      "loan termination",
      "cancel my loan"
    ],
    "title": "Loan cancellation",
    "screenRouter": "loanCancelList",
    "webRoutes": "loan-cancellation",
    "category": "Service"
  },
  {
    "searchList": [
      "Privacy policy",
      "data privacy",
      "privacy statement",
      "data protection",
      "privacy terms",
      "privacy agreement",
      "user privacy"
    ],
    "title": "Privacy Policy",
    "screenRouter": "privacyPolicy",
    "webRoutes": "privacy-policy",
    "category": "Page",
    "extra": true
  },
  {
    "searchList": [
      "terms and conditions",
      "terms",
      "conditions",
      "terms of service",
      "service agreement",
      "user terms",
      "conditions of use",
      "legal terms",
      "user agreement"
    ],
    "title": "Terms & Conditions",
    "screenRouter": "termsConditions",
    "webRoutes": "terms-and-conditions",
    "category": "Page"
  },
  {
    "searchList": [
      "Loans",
      "car loan",
      "New car loan",
      "New car loan rate",
      "rate",
      "loan rate",
      "auto loan",
      "car financing",
      "new car finance",
      "car loan rates",
      "vehicle loan",
      "buy new car"
    ],
    "title": "New Car",
    "screenRouter": "productFeaturesOneTabContainerScreen",
    "webRoutes": "product-feature/loans/new_car",
    "category": "Products",
    "extra": {
      "isFromSearch": true,
      "productType": "loans",
      "productSubType": "new_car"
    }
  },
  {
    "searchList": [
      "Loans",
      "personal loan",
      "personal loan rate",
      "rate",
      "loan rate",
      "personal financing",
      "personal loan info",
      "personal loan interest",
      "loan for personal use",
      "individual loan"
    ],
    "title": "Personal Loan",
    "screenRouter": "productFeaturesOneTabContainerScreen",
    "webRoutes": "product-feature/loans/personal",
    "category": "Products",
    "extra": {
      "isFromSearch": true,
      "productType": "loans",
      "productSubType": "personal"
    }
  },
  {
    "searchList": [
      "services",
      "available services",
      "service options",
      "app services",
      "offered services",
      "service list"
    ],
    "title": "Services",
    "category": "Products",
    "screenRouter": "home",
    "webRoutes": "services",
    "extra": 4,
    "canPop": true
  },
  {
    "searchList": [
      "create mandate",
      "mandate",
      "autopay",
      "setup autopay",
      "payment mandate",
      "autopay setup",
      "direct debit",
      "payment authorization",
      "automatic payments",
      "set up mandate"
    ],
    "title": "Mandate",
    "screenRouter": "achloansList",
    "webRoutes": "services/mandate-registration",
    "category": "Service"
  },
  {
    "searchList": [
      "foreclosure",
      "close",
      "loans",
      "close loan",
      "loan settlement",
      "end loan early",
      "pay off loan",
      "loan foreclosure process",
      "loan termination"
    ],
    "title": "Foreclosure",
    "extra": false,
    "screenRouter": "loansList",
    "webRoutes": "services/foreclosure",
    "category": "Service"
  },
  {
    "searchList": [
      "Loans",
      "home loan",
      "Home loan rate",
      "rate",
      "loan rate",
      "mortgage",
      "house loan",
      "home financing",
      "home loan rates",
      "buy house loan",
      "real estate loan"
    ],
    "title": "Home Loan",
    "category": "Products",
    "screenRouter": "productFeaturesOneTabContainerScreen",
    "webRoutes": "product-feature/loans/home",
    "extra": {
      "isFromSearch": true,
      "productType": "loans",
      "productSubType": "home"
    }
  },
  {
    "searchList": [
      "auto",
      "rickshaw",
      "three wheeler",
      "loan",
      "rate",
      "loan rate",
      "auto loan",
      "rickshaw loan",
      "three wheeler finance",
      "three wheeler loan rates",
      "loan for three wheeler"
    ],
    "title": "Three Wheeler",
    "screenRouter": "productFeaturesOneTabContainerScreen",
    "webRoutes": "product-feature/loans/three_wheeler",
    "category": "Products",
    "extra": {
      "isFromSearch": true,
      "productType": "loans",
      "productSubType": "three_wheeler"
    }
  },
  {
    "searchList": [
      "used car loan",
      "used car",
      "car",
      "loan",
      "rate",
      "loan rate",
      "second hand car loan",
      "pre-owned car finance",
      "used car financing",
      "loan for used car",
      "car loan rates"
    ],
    "title": "Used Car",
    "screenRouter": "productFeaturesOneTabContainerScreen",
    "webRoutes": "product-feature/loans/used_car",
    "category": "Products",
    "extra": {
      "isFromSearch": true,
      "productType": "loans",
      "productSubType": "used_car"
    }
  },
  {
    "searchList": [
      "tractor loan",
      "tractor",
      "loan",
      "rate",
      "loan rate",
      "farm equipment loan",
      "agriculture loan",
      "tractor financing",
      "tractor loan rates",
      "loan for tractor"
    ],
    "title": "Tractor",
    "screenRouter": "productFeaturesOneTabContainerScreen",
    "webRoutes": "product-feature/loans/tractor_loan",
    "category": "Products",
    "extra": {
      "isFromSearch": true,
      "productType": "loans",
      "productSubType": "tractor"
    }
  },
  {
    "searchList": [
      "utility vehicle",
      "vehicle",
      "loan",
      "rate",
      "loan rate",
      "SUV loan",
      "utility vehicle finance",
      "utility vehicle loan rates",
      "loan for utility vehicle"
    ],
    "title": "Utility Vehicle",
    "screenRouter": "productFeaturesOneTabContainerScreen",
    "webRoutes": "product-feature/loans/vehicle",
    "category": "Products",
    "extra": {
      "isFromSearch": true,
      "productType": "loans",
      "productSubType": "utility_vehicle"
    }
  },
  {
    "searchList": [
      "Commercial Vehicle",
      "vehicle",
      "commercial",
      "loan",
      "rate",
      "loan rate",
      "business vehicle loan",
      "commercial auto loan",
      "commercial vehicle financing",
      "loan for commercial vehicle"
    ],
    "title": "Commercial Vehicle",
    "screenRouter": "productFeaturesOneTabContainerScreen",
    "webRoutes": "product-feature/loans/commercial_vehicle",
    "category": "Products",
    "extra": {
      "isFromSearch": true,
      "productType": "loans",
      "productSubType": "commercial_vehicle"
    }
  },
  {
    "searchList": [
      "Balance Transfer",
      "balance",
      "transfer",
      "loan",
      "rate",
      "loan rate",
      "loan transfer",
      "balance shift",
      "debt transfer",
      "loan balance transfer",
      "move loan balance",
      "rate transfer"
    ],
    "title": "Balance Transfer",
    "screenRouter": "productFeaturesOneTabContainerScreen",
    "webRoutes": "product-feature/loans/balance_transfer",
    "category": "Products",
    "extra": {
      "isFromSearch": true,
      "productType": "loans",
      "productSubType": "balance_transfer"
    }
  },
  {
    "searchList": [
      "Fixed deposit",
      "investment",
      "fixed",
      "fd",
      "FD",
      "fixed investment",
      "term deposit",
      "fixed deposit rates",
      "fixed savings",
      "investment deposit"
    ],
    "title": "Fixed Deposit",
    "screenRouter": "productFeaturesOneTabContainerScreen",
    "webRoutes": "product-feature/loans/fixed_deposit",
    "category": "Products",
    "extra": {
      "isFromSearch": true,
      "productType": "investment",
      "productSubType": "fixed_deposit"
    }
  },
  {
    "searchList": [
      "mutual fund",
      "investment",
      "funds",
      "mf",
      "MF",
      "investment funds",
      "mutual investment",
      "fund rates",
      "mutual fund info",
      "mutual savings"
    ],
    "title": "Mutual Funds",
    "screenRouter": "productFeaturesOneTabContainerScreen",
    "webRoutes": "product-feature/loans/mutual_funds",
    "category": "Products",
    "extra": {
      "isFromSearch": true,
      "productType": "investment",
      "productSubType": "mutual_funds"
    }
  },
  {
    "searchList": [
      "insurance",
      "Health",
      "medical insurance",
      "health cover",
      "health policy",
      "insurance for health",
      "medical cover",
      "health protection"
    ],
    "title": "Health Insurance",
    "screenRouter": "productFeaturesOneTabContainerScreen",
    "webRoutes": "product-feature/loans/health",
    "category": "Products",
    "extra": {
      "isFromSearch": true,
      "productType": "insurance",
      "productSubType": "health"
    }
  },
  {
    "searchList": [
      "insurance",
      "Life",
      "life cover",
      "life policy",
      "insurance for life",
      "life protection",
      "life insurance info",
      "life assurance"
    ],
    "title": "Life Insurance",
    "screenRouter": "productFeaturesOneTabContainerScreen",
    "webRoutes": "product-feature/loans/life",
    "category": "Products",
    "extra": {
      "isFromSearch": true,
      "productType": "insurance",
      "productSubType": "life"
    }
  },
  {
    "searchList": [
      "insurance",
      "Motor",
      "vehicle",
      "bike",
      "car",
      "vehicle insurance",
      "car insurance",
      "bike insurance",
      "motor policy",
      "vehicle cover",
      "auto insurance"
    ],
    "title": "Motor Insurance",
    "category": "Products",
    "screenRouter": "productFeaturesOneTabContainerScreen",
    "webRoutes": "product-feature/loans/motor",
    "extra": {
      "isFromSearch": true,
      "productType": "insurance",
      "productSubType": "motor"
    }
  },
  {
    "searchList": [
      "insurance",
      "travel",
      "trip insurance",
      "travel cover",
      "travel policy",
      "insurance for travel",
      "trip protection",
      "journey insurance"
    ],
    "title": "Travel Insurance",
    "screenRouter": "productFeaturesOneTabContainerScreen",
    "webRoutes": "product-feature/loans/travel",
    "category": "Products",
    "extra": {
      "isFromSearch": true,
      "productType": "insurance",
      "productSubType": "travel"
    }
  }
]
