{
  "status": "Success",
  "message": "SR generated successfully",
  "data": {
    "customerId": "",
    "srRequestId": "",
    "loanType": "",
    "applicantname": "",
    "co-applicantname": "",
    "bankAccountNo": "",
    "bankName": "",
    "bankBranch": "",
    "ifscCode": "",
    "pennyDropAccountStatus": "",
    "pennyDropBeneficiaryName": "",
    "ocrCustomerName": "",
    "ocrBankAccountNo": "",
    "ocrBankName": "",
    "ocrBankBranch": "",
    "ocrIFSCCode": ""
  }
}
