{
  "status": "Success",
  "message": "Request completed successfully",
  "data": [
    {
      "ucic": "12",
      "tenantId": "1",
      "loanNumber": "PL 12457898",
      "loanAmount": "1,00,000",
      "totalPendingAmount": "10,000",
      "totalAmount": "2,000",
      "sourceSystem": "",
      "productcode": "",
      "loanType": "Personal Loan"
    },
    {
      "ucic": "13",
      "tenantId": "2",
      "loanAmount": "1,00,000",
      "loanNumber": "PVL 12457898",
      "totalPendingAmount": "50",
      "totalAmount": "100",
      "sourceSystem": "",
      "productcode": "",
      "loanType": "Vehicle Loan"
    }
  ]
}
