{
  "status": "Success",
  "message": "Request completed successfully",
  "data": {
    "ucic": "1234",
    "loanNumber": "PL 12457898",
    "totalPendingAmount": "3000",
    "totalAmount": "30000",
    "isServiceRequestExist": false,
    "serviceRequestStatus": "123456",
    "isLockingPeriod": false,
    "isFreezePeriod": false,
    "lockingPeriodEndDate": "01 July 2024",
    "sourceSystem": "",
    "productCode": "",
    "isRuleOnePassed": true,
    "loanType": "Personal Loan"
  }
}
