{
  "code": "SUCCESS",
  "message": "Languages retrieved successfully",
  "labels": {
    "lbl_splash_screen": "Splash screen",
    "lbl_assamese": "Assamese",
    "lbl_bengali": "Bengali",
    "lbl_english": "English",
    "lbl_hindi": "Hindi",
    "lbl_kannada": "Kannada",
    "lbl_malayalam": "Malayalam",
    "lbl_marathi": "Marathi",
    "lbl_oriya": "Oriya",
    "lbl_punjabi": "Punjabi",
    "lbl_tamil": "Tamil",
    "lbl_telugu": "Telugu",
    "msg_choose_your_language": "Choose your language",
    "msg_it_seems_that_this": "It seems that this is your language of choice, do you want to continue with the same?",
    "msg_mahindra_to_provide": "Mahindra to provide text \n\"Lorem ipsum dolor sit amet, consectetur adipiscing elit, sed do eiusmod tempor incididunt ut labore et dolore magna aliqua. Ut enim ad minim veniam, quis nostrud exercitation ullamco laboris nisi ut aliquip ex ea commodo consequat. Duis aute irure dolor in reprehenderit in voluptate velit esse cillum dolore eu fugiat nulla pariatur. Excepteur sint occaecat cupidatat non proident, sunt in culpa qui officia deserunt mollit anim id est laborum.\"\n\n\"Sed ut perspiciatis unde omnis iste natus error sit voluptatem accusantium doloremque laudantium, totam rem aperiam, eaque ipsa quae ab illo inventore veritatis et quasi architecto beatae vitae dicta sunt explicabo. Nemo enim ipsam voluptatem quia voluptas sit aspernatur aut odit aut fugit, sed quia consequuntur magni dolores eos qui ratione voluptatem sequi nesciunt. Neque porro quisquam est, qui dolorem ipsum quia dolor sit amet, consectetur, adipisci velit, sed quia non numquam eius modi tempora incidunt ut labore et dolore magnam aliquam quaerat voluptatem. Ut enim ad minima veniam, quis nostrum exercitationem ullam corporis suscipit laboriosam, nisi ut aliquid ex ea commodi consequatur? Quis autem vel eum iure reprehenderit qui in ea voluptate velit esse quam nihil molestiae consequatur, vel illum qui dolorem eum fugiat quo voluptas nulla pariatur?\"",
    "msg_terms_conditions": "Terms & Conditions",
    "msg_otp_does_not_match": "OTP does not match. Please enter a valid OTP.",
    "msg_logout_device_title": "Logout of previous device?",
    "msg_logout_device_desc": "You have already register on different device using this number. Continuing on this device will log you out of the previous device.",
    "msg_you_ve_exhausted": "You’ve exhausted maximum number of OTP attempts. Please try again in some time.",
    "lbl_abcde1234f": "ABCDE1234F",
    "lbl_account_number": "Account number",
    "lbl_account_number2": "Account Number",
    "lbl_invalid_account_number2": "Please enter valid Account Number",
    "lbl_pan_card": "PAN Card",
    "lbl_invalid_pan_card": "Please enter valid PAN number",
    "lbl_verifying": "Verifying...",
    "msg_enter_more_details": "Enter more details",
    "msg_we_need_a_few_more": "We need a few more details to verify your account. ",
    "lbl_try_diff_account": "Try Account number instead",
    "lbl_try_diff_pan": "Try Pan number instead",
    "lbl": "****",
    "lbl_re_enter_mpin": "Re-enter MPIN",
    "lbl_set_mpin": "Set MPIN",
    "lbl_set_your_mpin": "Set your MPIN",
    "msg_1": "First three digits of MPIN should not be same.",
    "msg_2": "Last three digits of MPIN should not be same.",
    "msg_3": "MPIN should not be your date of birth.",
    "msg_mpin_does_not_match": "MPIN does not match",
    "msg_mpin_success": "You have successfully set your MPIN",
    "lbl_skip_for_now": "Skip for now",
    "msg_enable_biometric": "Enable biometric",
    "msg_use_biometric_authentication": "Use Biometric Authentication to Login",
    "msg_use_biometric_with": "Use biometric with your fingerprint or face for faster and easier access to your account. You can turn this feature on or off under settings.",
    "msg_congratulations": "Congratulations! You have successfully registered for OneApp",
    "lbl_forgot_mpin": "Forgot MPIN?",
    "lbl_login": "Login",
    "msg_use_your_face_id": "Use your face ID or fingerprint to login",
    "msg_welcome_to_fintogo": "Welcome to Fintogo",
    "warn_back_btn_title": "Are you sure?",
    "warn_back_btn_desc": "Going back would mean that you would lose your progress and will have to restart the registration process",
    "lbl_99999_99999": "99999-99999",
    "lbl_enter_mpin": "Enter MPIN",
    "lbl_re-enter_mpin": "Re-enter MPIN",
    "lbl_get_otp_by_call": "Get OTP by call",
    "lbl_or": "OR",
    "lbl_resend_otp": "Resend OTP",
    "lbl_verify": "Verify",
    "msg_enter_mobile_number": "Enter Mobile Number",
    "msg_i_ve_read_through": "I’ve read through and accept the Terms and Conditions",
    "msg_start_registration": "Start Registration",
    "msg_try_a_different": "Try a different phone number",
    "lbl_back": "Back",
    "lbl_stay": "Stay on this page",
    "lbl_close": "Close",
    "lbl_register_with_new_device": "Register with a new number",
    "lbl_continue": "Continue",
    "lbl_near_branch": "Locate a nearby branch",
    "lbl_skip": "Skip",
    "msg_network_err": "Network Error",
    "msg_something_went_wrong": "Something Went Wrong!",
    "err_msg_please_enter_valid_phone_number": "Please enter valid phone number",
    "err_msg_please_enter_valid_number": "Please enter valid number",
    "err_msg_please_enter_valid_password": "Please enter valid password",
    "err_msg_please_enter_valid_pin": "Please enter valid PIN",
    "err_msg_pin_not_match": "MPIN does not match",
    "lbl_tell_us_about_yourself_title": "Tell us about yourself",
    "lbl_tell_us_about yourself_subtitle": "We need a few more details to set up your account",
    "lbl_enter_first_name": "Enter first name",
    "lbl_hint_enter_first_name": "Enter first name*",
    "lbl_enter_middle_name": "Enter middle name",
    "lbl_enter_last_name": "Enter last name",
    "lbl_hint_enter_phone_number": "Enter Mobile Number",
    "lbl_error_enter_phone_number": "Please enter 10-digit mobile number starting with 6,7,8, or 9.",
    "lbl_error_enter_phone_number_length": "Please enter 10-digit mobile number",
    "err_msg_enter_first_name": "First name can not be empty",
    "err_msg_enter_middle_name": "Middle name can not be empty",
    "err_msg_enter_last_name": "Last name can not be empty",
    "err_register_fail_title": "Registration has failed. Please try again in 20 mins or visit a near by branch for help",
    "err_register_fail_desc": "you will be redirected to home screen in 10 seconds..",
    "err_register_success_title": "Congratulations! you have successfully registered for OneApp.\n\nYou are just one step away."
  }
}
