{
  "code": "SUCCESS",
  "message": "Unable to verify PAN. Please enter relationship/ loan account number in addition to PAN",
  "data": [
    {
      "applicantName": "Avinash Barola",
      "applicationDate": "2023-12-08 05:44:50",
      "applicationNumber": "300006828",
      "applicationStatus": "Completed",
      "assetName": "MAHINDRA & MAHINDRA LTD - null",
      "branchName": "",
      "businessExecutiveContactNumber": "",
      "businessExecutiveName": "",
      "subStatus": "",
      "stage": "QDE",
      "loanType": "Sale Purchase",
      "lmsType": "sfdc-loan-status"
    },
    {
      "applicantName": "VINAY  SAPATE",
      "applicationDate": "2023-12-02 04:42:13",
      "applicationNumber": "300006794",
      "applicationStatus": "Under Process",
      "assetName": "MARUTI SUZUKI INDIA LIMITED - TRACTOR 35 TO 40 HP",
      "branchName": "DARYAGANJ",
      "businessExecutiveContactNumber": "9348881612",
      "businessExecutiveName": "FOS User 2",
      "subStatus": "Documents awaited",
      "stage": "DDE & Document Collection",
      "loanType": "External Balance Transfer",
      "lmsType": "sfdc-loan-status"
    },
    {
      "applicantName": "Shoaib Khan",
      "applicationDate": "2023-12-01 10:30:11",
      "applicationNumber": "300006789",
      "applicationStatus": "Under Process",
      "assetName": "MAHINDRA & MAHINDRA LTD",
      "branchName": "GOREGAON BR",
      "businessExecutiveContactNumber": "9019101206",
      "businessExecutiveName": "FOS User 1",
      "applicationTracker": "",
      "lmsType": "vehicle-loan-status"
    },
    {
      "applicantName": "Shoaib Khan",
      "applicationDate": "2023-12-01 10:30:11",
      "applicationNumber": "300006789",
      "applicationStatus": "Initiated",
      "assetName": "MAHINDRA & MAHINDRA LTD",
      "branchName": "GOREGAON BR",
      "businessExecutiveContactNumber": "9019101206",
      "businessExecutiveName": "FOS User 1",
      "applicationTracker": "",
      "lmsType": "personal-loan-status"
    }
  ]
}
