{
  "posts": [
    {
      "isRegistered": false,
      "isCustomer": false,
      "isPan": true,
      "mobileNumber": "9789512777",
      "otp": "123456",
      "forgot": false
    },
    {
      "isRegistered": true,
      "isCustomer": false,
      "isPan": true,
      "mobileNumber": "9789512778",
      "otp": "789100",
      "forgot": false
    },
    {
      "isRegistered": true,
      "isCustomer": true,
      "isPan": false,
      "mobileNumber": "9234567899",
      "otp": "111213",
      "forgot": false
    }
  ],
  "registermobdetails": [
    {
      "mobnumber": "9789512777",
      "isCustomer": true,
      "isRegistered": false,
      "isPan": true,
      "otp": "111111"
    },
    {
      "mobnumber": "9789512778",
      "isRegistered": true,
      "isCustomer": false,
      "isPan": true,
      "otp": "222222"
    },
    {
      "mobnumber": "9234567899",
      "isRegistered": false,
      "isCustomer": true,
      "isPan": false,
      "otp": "333333"
    }
  ]
}
